rank,name,handle,channel_id,channel_url,uploads_playlist,country_or_region,primary_niche,tags,isabella_priority,isabella_match_reason,summary_es,summary_en,tone,speech_speed,subtitle_reliability,shorts_volume_score,recent_shorts_sample_count,recent_2026_shorts_sample_count,captioned_sample_count,recent_shorts_median_views,recent_shorts_top_view_count,subscriber_count,total_video_count,adult_risk,review_confidence,approval_source,quality_notes,evidence_urls
1,Gabriela Flores Villar,@gabrielafloresv_,UCRIWIquWdo_lquf4xfC4KEw,https://www.youtube.com/@gabrielafloresv_,UURIWIquWdo_lquf4xfC4KEw,unknown,comedy,lifestyle|comedy|humor|skits|dance|entertainment|pop_culture|relatable|peru|vlog,false,,Canal de comedia y estilo de vida con sketches humorísticos sobre situaciones cotidianas.,Comedy and lifestyle channel featuring humorous skits about everyday situations.,"humorous, energetic",fast,medium,5,49,49,0,8513232,30885633,16700000,1577,low,high,strict_review,"High quality native Spanish comedy skits, great for everyday vocabulary.",https://www.youtube.com/shorts/gsd2_6SoMBU|https://www.youtube.com/shorts/LAe09ABHV3U|https://www.youtube.com/shorts/X24ZJlz49Ss|https://www.youtube.com/shorts/1sfarcBh9YQ|https://www.youtube.com/shorts/yv6X0Ob4L0w
2,Meowrld,@meowrld,UCdR_Myj8gkEC1K5bVlLQ_dQ,https://www.youtube.com/@meowrld,UUdR_Myj8gkEC1K5bVlLQ_dQ,MX,commentary,gaming|animation|commentary|humor|entertainment|pop_culture|storytime|vlog|challenges|reactions,false,,"Canal de entretenimiento con animaciones, historias y comentarios humorísticos.","Entertainment channel featuring animations, stories, and humorous commentary.","loud, energetic",fast,medium,5,46,46,0,6058298,14752457,6810000,938,low,medium,strict_review,"Fast-paced and energetic, good for advanced listening practice but might be overwhelming for beginners.",https://www.youtube.com/shorts/l2byPf_j3R0|https://www.youtube.com/shorts/y1mUlyqOZp8|https://www.youtube.com/shorts/kh1o1sUiCbM|https://www.youtube.com/shorts/pQavqJ_8U1o|https://www.youtube.com/shorts/oYEdr13MBDg
3,Mol ASMR.,@molasmr,UC3zdAaknTPGOAKPfymWJn_w,https://www.youtube.com/@molasmr,UU3zdAaknTPGOAKPfymWJn_w,CO,lifestyle,asmr|roleplay|lifestyle|relaxation|comedy|colombia|spoken_spanish|entertainment|health|wellness,false,,"Canal de ASMR colombiano que incluye juegos de rol, comedia y sonidos relajantes.","Colombian ASMR channel featuring roleplays, comedy, and relaxing sounds.","calm, relaxing, humorous",slow,medium,3,24,24,0,723260,1202822,6360000,1888,low,high,strict_review,"Excellent for language learners due to slow, clear, and deliberate speech in roleplay scenarios.",https://www.youtube.com/shorts/JYzaFey7S5Y|https://www.youtube.com/shorts/N13wpxtMA5M|https://www.youtube.com/shorts/zQ7l7ZfB_Ns|https://www.youtube.com/shorts/fP90tpRPTqg|https://www.youtube.com/shorts/mYk6L4UxWL0
4,Jexs,@jexsyt,UCapRTMkO4n3LP5dkmIayy5A,https://www.youtube.com/@jexsyt,UUapRTMkO4n3LP5dkmIayy5A,GT,making_from_scratch,cooking|food|challenges|commentary|lifestyle|entertainment|pop_culture|humor|diy|recipes,true,"Features cooking, making-from-scratch, and commentary which are highly valued.","Canal de entretenimiento centrado en recrear recetas virales, retos de cocina y comentarios.","Entertainment channel focused on recreating viral recipes, cooking challenges, and commentary.","energetic, engaging",fast,medium,4,39,16,0,15285430,86959921,12700000,326,low,high,strict_review,"High production value, engaging cooking and challenge content with natural spoken Spanish.",https://www.youtube.com/shorts/1lMFY7ARZrk|https://www.youtube.com/shorts/h22CAPU0B6s|https://www.youtube.com/shorts/W5AjBOKV0x8|https://www.youtube.com/shorts/YIWv7c7slps|https://www.youtube.com/shorts/o0sGYHrHKJ4
5,Lily Belloncle,@lilybellonclee,UC70T4kYA5LPVnnlliSZ2iAQ,https://www.youtube.com/@lilybellonclee,UU70T4kYA5LPVnnlliSZ2iAQ,unknown,lifestyle,lifestyle|diy|crafts|storytime|vlog|entertainment|pop_culture|mexico|art|challenges,true,"Strong focus on lifestyle, DIY, crafts, and storytime.","Vlogs de estilo de vida, manualidades, arte y storytimes personales.","Lifestyle vlogs, crafts, art, and personal storytimes.","expressive, personal",medium,medium,5,44,33,0,16823821,63009780,18900000,214,low,high,strict_review,"Clear Mexican Spanish, highly engaging personal storytelling and DIY projects.",https://www.youtube.com/shorts/u7blZC_bkS0|https://www.youtube.com/shorts/zOdpqCE-YLA|https://www.youtube.com/shorts/Vt2Rb2g7QCM|https://www.youtube.com/shorts/OmTnK-0snRs|https://www.youtube.com/shorts/SlcLUx0UGMY
6,Los PQliares,@lospqliares,UCWiKjT5UO91nOc0HwWLgq6w,https://www.youtube.com/@lospqliares,UUWiKjT5UO91nOc0HwWLgq6w,unknown,commentary,comedy|skits|street_interviews|humor|lifestyle|entertainment|pop_culture|relatable|conversation|mexico,true,"Features street interviews and conversational comedy, great for adult learners.",Canal de comedia con sketches sobre situaciones cotidianas y entrevistas en la calle.,Comedy channel featuring skits about everyday situations and street interviews.,"humorous, casual",fast,medium,4,40,40,0,7155901,117899086,4380000,352,medium,high,strict_review,"Great exposure to colloquial Spanish, slang, and natural conversational pacing.",https://www.youtube.com/shorts/dDWgBvTSrTY|https://www.youtube.com/shorts/XXjzRm9NyJs|https://www.youtube.com/shorts/WaWJ1MSxslM|https://www.youtube.com/shorts/xmoyeW5qhH0|https://www.youtube.com/shorts/RwaIAy-EYok
7,Susy Mouriz,@susymouriz,UC2Rh-eKkibnZq8pRxYYoSSQ,https://www.youtube.com/@susymouriz,UU2Rh-eKkibnZq8pRxYYoSSQ,MX,comedy,comedy|challenges|lifestyle|humor|entertainment|family_friendly|pop_culture|vlog|skits|relatable,false,,"Canal de entretenimiento familiar con retos, sketches de comedia y vlogs.","Family-friendly entertainment channel with challenges, comedy skits, and vlogs.","energetic, playful",fast,medium,5,43,43,0,2523607,15543844,35300000,2547,low,high,strict_review,"Very popular creator, content leans slightly juvenile but offers clear, native Spanish dialogue.",https://www.youtube.com/shorts/s47CQ6fhviY|https://www.youtube.com/shorts/8cNQqYV2ejA|https://www.youtube.com/shorts/KwlKLY6YdPQ|https://www.youtube.com/shorts/Slk2XR4V-Ts|https://www.youtube.com/shorts/N5z7lmN6F3M
8,Kike y su familia,@kikeysufamilia,UCUKhn9nCYVt7GmuYivsoFkQ,https://www.youtube.com/@kikeysufamilia,UUUKhn9nCYVt7GmuYivsoFkQ,CO,comedy,comedy|family|skits|humor|lifestyle|relatable|entertainment|vlog|everyday_life|parody,false,,Sketches de comedia familiar que retratan situaciones divertidas de la vida diaria.,Family comedy skits portraying funny everyday life situations.,"humorous, lighthearted",medium,medium,3,27,27,0,1940603,6549325,15900000,1456,low,high,strict_review,Good for learning family-related vocabulary and everyday conversational Spanish.,https://www.youtube.com/shorts/3RSdziGL6C0|https://www.youtube.com/shorts/U69D53sFS6o|https://www.youtube.com/shorts/LWByAMicnxo|https://www.youtube.com/shorts/_6oVMjQy1dA|https://www.youtube.com/shorts/Y8y_Vh3mv7Q
9,MrDuarte XD,@mrduarte_xd,UCLZefG8N0Si_GUxIAwji6uQ,https://www.youtube.com/@mrduarte_xd,UULZefG8N0Si_GUxIAwji6uQ,US,gaming,gaming|minecraft|comedy|animation|roleplay|humor|entertainment|video_games,false,,Canal de cortos de comedia y rol centrados en el videojuego Minecraft.,Comedy and roleplay shorts channel centered around the video game Minecraft.,energetic,fast,medium,3,23,23,0,9675571,22595180,6590000,912,low,high,strict_review,"Fast-paced gaming content, primarily aimed at a younger audience but features native Spanish.",https://www.youtube.com/shorts/50etTysh_mI|https://www.youtube.com/shorts/sEmx1kRk7nc|https://www.youtube.com/shorts/EyfMDXbd2fc|https://www.youtube.com/shorts/ABmEo6QixOw|https://www.youtube.com/shorts/FPwFyRFbcR4
10,Ivanova BM,@ivanovabm,UC9Y0kwvwXvJdNcKkmlgLM4w,https://www.youtube.com/@ivanovabm,UU9Y0kwvwXvJdNcKkmlgLM4w,MX,lifestyle,lifestyle|vlogs|storytime|relationships|comedy|personal_stories|entertainment|daily_life,true,"Highly engaging lifestyle and storytime content, perfect for conversational Spanish learning.","Canal de estilo de vida y vlogs donde la creadora comparte historias personales, bromas y anécdotas de su vida diaria.","Lifestyle and vlog channel where the creator shares personal stories, pranks, and anecdotes from her daily life.",engaging,fast,medium,5,46,46,0,1675706,43832022,6920000,930,medium,high,strict_review,"Good production quality with natural, conversational Spanish.",https://www.youtube.com/shorts/9z8asQTQPR4|https://www.youtube.com/shorts/gwOggDYb9Is|https://www.youtube.com/shorts/yK3rxbn4gdA|https://www.youtube.com/shorts/yLoakg3uXwc|https://www.youtube.com/shorts/L3uLMEflIwc
11,Jenny Devil,@jennydevil,UCDgObzDHQmj_IgHBkCp0HyQ,https://www.youtube.com/@jennydevil,UUDgObzDHQmj_IgHBkCp0HyQ,US,lifestyle,unboxing|pop_culture|toys|blind_boxes|entertainment|lifestyle|collections|reviews,false,,"Canal de entretenimiento enfocado en el unboxing de juguetes, cajas sorpresa y artículos de cultura pop.","Entertainment channel focused on unboxing toys, blind boxes, and pop culture items.",enthusiastic,fast,medium,4,33,33,0,2531379,10454882,16000000,1499,low,high,strict_review,High energy unboxing content. Vocabulary is accessible but speech can be rapid.,https://www.youtube.com/shorts/WV1xnANsF6E|https://www.youtube.com/shorts/9eH62Voiovs|https://www.youtube.com/shorts/AADF_fv2rE4|https://www.youtube.com/shorts/A4VAE4P0nSM|https://www.youtube.com/shorts/od4-XgJi47k
12,Karina & Marina,@karinamarina,UCfgn1AVa96Rye5DRETetq6g,https://www.youtube.com/@karinamarina,UUfgn1AVa96Rye5DRETetq6g,ES,lifestyle,lifestyle|comedy|vlogs|teen_life|humor|entertainment|daily_life|challenges,true,Fun lifestyle and comedy vlogs that provide great exposure to everyday conversational Spanish.,"Canal de estilo de vida y comedia juvenil con vlogs, retos y situaciones divertidas de la vida diaria.","Teen lifestyle and comedy channel featuring vlogs, challenges, and funny everyday situations.",lighthearted,fast,medium,3,27,27,0,399524,5056222,9180000,1600,low,high,strict_review,"Youth-oriented lifestyle content with clear, native Spanish dialogue.",https://www.youtube.com/shorts/WwSARLB4NxY|https://www.youtube.com/shorts/AgEUvWQBqwo|https://www.youtube.com/shorts/nxzxpBWQqqI|https://www.youtube.com/shorts/3ZRHHuWmRrk|https://www.youtube.com/shorts/CCshsrtbz0c
13,Camila Merchant,@camilamerchant,UC8JLtamR2_3vRYqDkgIQ1eQ,https://www.youtube.com/@camilamerchant,UU8JLtamR2_3vRYqDkgIQ1eQ,unknown,lifestyle,lifestyle|vlogs|music|singing|relationships|daily_life|entertainment|personal_stories,true,"Engaging lifestyle vlogs and personal stories, excellent for learning natural, everyday Spanish.","Canal de estilo de vida donde la creadora comparte vlogs personales, sorpresas, cambios de look y su talento musical.","Lifestyle channel where the creator shares personal vlogs, surprises, makeovers, and her musical talent.",upbeat,medium,medium,5,42,37,0,1335611,27433393,6810000,778,low,high,strict_review,High-quality vlogs with clear articulation and engaging storytelling.,https://www.youtube.com/shorts/T_91w3MR3-A|https://www.youtube.com/shorts/Ks3JNjU52Rk|https://www.youtube.com/shorts/gE9GqIJ_x8k|https://www.youtube.com/shorts/p2dAGGGgg3c|https://www.youtube.com/shorts/naVHr4eTEgs
14,Miricraft,@miricraft,UC4HZhRN1-GilXGiNhETtGsA,https://www.youtube.com/@miricraft,UU4HZhRN1-GilXGiNhETtGsA,ES,making_from_scratch,making_from_scratch|diy|crafts|fidget_toys|tutorials|handmade|creativity|hobbies,true,Step-by-step DIY and crafting tutorials are highly valued for learning instructional and descriptive Spanish.,"Canal dedicado a tutoriales paso a paso de manualidades, juguetes antiestrés y proyectos DIY creativos.","Channel dedicated to step-by-step tutorials for crafts, fidget toys, and creative DIY projects.",instructional,medium,medium,5,50,50,0,1377206,9208836,2450000,790,low,high,strict_review,"Excellent instructional content with clear, descriptive language.",https://www.youtube.com/shorts/1YwO_fFtJWY|https://www.youtube.com/shorts/Q7djHRnNdug|https://www.youtube.com/shorts/EAj2bxSZ528|https://www.youtube.com/shorts/Bv7Q8WM_tgg|https://www.youtube.com/shorts/kEYssnV6V5w
15,Fer Jalil,@fer_jalil,UCh5VlNcGFpLFwOeU7bcazBA,https://www.youtube.com/@fer_jalil,UUh5VlNcGFpLFwOeU7bcazBA,unknown,lifestyle,lifestyle|vlogs|travel|storytime|comedy|personal_stories|entertainment|daily_life,true,"High-quality lifestyle, travel, and storytime content that is perfect for conversational language learners.","Canal de estilo de vida y vlogs que documenta viajes, anécdotas personales y experiencias curiosas.","Lifestyle and vlog channel documenting travels, personal anecdotes, and curious experiences.",adventurous,fast,medium,4,36,36,0,1972960,11350850,11700000,1470,low,high,strict_review,Very engaging storytelling and high production value.,https://www.youtube.com/shorts/28eR2vAAPsE|https://www.youtube.com/shorts/Lj0AoiLPkC4|https://www.youtube.com/shorts/HjhpRE9nt5g|https://www.youtube.com/shorts/ktOR_tvvWio|https://www.youtube.com/shorts/bElA43gmYmU
16,Xiaro Juega,@xiarojuega,UCepGvghmp1kwLy9saO2BAhA,https://www.youtube.com/@xiarojuega,UUepGvghmp1kwLy9saO2BAhA,unknown,gaming,gaming|minecraft|comedy|roleplay|humor|entertainment|video_games|storytelling,false,,Canal de videojuegos enfocado en cortos de comedia y rol dentro del universo de Minecraft.,Gaming channel focused on comedy and roleplay shorts within the Minecraft universe.,energetic,fast,medium,5,45,13,0,5645503,20590175,2970000,105,low,high,strict_review,Fast-paced gaming shorts with native Spanish commentary.,https://www.youtube.com/shorts/2CJvspfqfTM|https://www.youtube.com/shorts/v0m69PHbm9c|https://www.youtube.com/shorts/NDMHgev2Tdo|https://www.youtube.com/shorts/BVPkZm2XTzQ|https://www.youtube.com/shorts/AsXJStcjLeU
17,Didiwinx,@didiwinx,UCTxwHissiCnxMQ591w-_uYQ,https://www.youtube.com/@didiwinx,UUTxwHissiCnxMQ591w-_uYQ,MX,lifestyle,lifestyle|comedy|food_tasting|vlogs|humor|entertainment|daily_life|reactions,true,"Fun lifestyle and food-related comedy content, great for learning casual, everyday Spanish vocabulary.","Canal de comedia y estilo de vida que incluye pruebas de comida, vlogs divertidos y reacciones.","Comedy and lifestyle channel featuring food tasting, funny vlogs, and reactions.",humorous,fast,medium,3,22,22,0,2517827,6192269,9050000,1125,low,high,strict_review,"Casual, conversational Spanish with a lot of humor and personality.",https://www.youtube.com/shorts/1MYYpLbikoI|https://www.youtube.com/shorts/rinasnhEXqs|https://www.youtube.com/shorts/87i-sEB8bOo|https://www.youtube.com/shorts/NrErfi7wuII|https://www.youtube.com/shorts/RH8kZKrpyo0
18,Eliot Channel Mx,@eliotchannelmx,UCicv75Se8iS6otnQJ_4Pa_A,https://www.youtube.com/@eliotchannelmx,UUicv75Se8iS6otnQJ_4Pa_A,MX,commentary,pop_culture|entertainment_news|gossip|influencers|news|commentary|trends|social_media,false,,"Canal de noticias y cultura pop enfocado en las últimas tendencias, influencers y eventos del mundo del entretenimiento.","News and pop culture channel focused on the latest trends, influencers, and events in the entertainment world.",informative,fast,medium,5,49,49,0,95509,4342278,15500000,13173,low,high,strict_review,"Professional entertainment news format with clear, albeit fast, narration.",https://www.youtube.com/shorts/3PYMMsR3Yv8|https://www.youtube.com/shorts/unoN6QR_fkE|https://www.youtube.com/shorts/5KGtTafuyeQ|https://www.youtube.com/shorts/-YkbVbJ6KSY|https://www.youtube.com/shorts/oNedF15CU8s
19,El Tío Néstor,@soytionestor,UCLKqPeUlDBTxDe2x8QTpLlg,https://www.youtube.com/@soytionestor,UULKqPeUlDBTxDe2x8QTpLlg,MX,comedy,comedy|skits|relatable|everyday_life|humor|entertainment|spanish_learning|mexico,false,,Canal de comedia con sketches sobre situaciones cotidianas y relaciones familiares.,Comedy channel featuring skits about everyday situations and family relationships.,humorous,fast,medium,5,50,50,0,470697,8538027,20300000,1999,low,high,strict_review,"Good production quality and clear, relatable everyday vocabulary.",https://www.youtube.com/shorts/2fenk0EEGkc|https://www.youtube.com/shorts/oGyvz8kbu58|https://www.youtube.com/shorts/edyN8rVkkxg|https://www.youtube.com/shorts/X2xQhYBGNc4|https://www.youtube.com/shorts/XhPp3EMqPRI
20,Nicolasa,@nicolasa_arreola,UCh8sKWctzzi-JvFndeMprGg,https://www.youtube.com/@nicolasa_arreola,UUh8sKWctzzi-JvFndeMprGg,US,lifestyle,lifestyle|vlogs|motherhood|cleaning_routine|makeup_tutorial|everyday_life|home|mexico|daily_vlog,true,"Authentic lifestyle vlogs, cleaning routines, and everyday life commentary.","Vlogs de estilo de vida, rutinas de limpieza, maternidad y tutoriales de maquillaje.","Lifestyle vlogs, cleaning routines, motherhood, and makeup tutorials.",casual,medium,medium,4,40,37,0,2370559,16818202,2220000,942,low,high,strict_review,"Very natural spoken Spanish, excellent for learning everyday vocabulary and household terms.",https://www.youtube.com/shorts/fmIEzpTOrOg|https://www.youtube.com/shorts/P8ZeNfkOnwc|https://www.youtube.com/shorts/_TRg0YZdfZo|https://www.youtube.com/shorts/pm8n3BA-Lzc|https://www.youtube.com/shorts/oom5_NdhUWM
21,Paul Ferrer Z,@paulferrerz,UCHYTbWCyso-kHsE9IqpW6fw,https://www.youtube.com/@paulferrerz,UUHYTbWCyso-kHsE9IqpW6fw,ES,comedy,comedy|skits|pov|humor|relatable|entertainment|spanish_learning|friends|sports_humor,false,,"Sketches de comedia estilo POV sobre situaciones con amigos, fútbol y la vida diaria.","POV-style comedy skits about situations with friends, soccer, and daily life.",humorous,fast,medium,5,43,43,0,2927091,27346826,17900000,1830,medium,high,strict_review,Good for learning casual slang and conversational pacing.,https://www.youtube.com/shorts/VNTp2QDZ3dk|https://www.youtube.com/shorts/-opSLBA8oIA|https://www.youtube.com/shorts/H6Oj-1ZKUV8|https://www.youtube.com/shorts/h67Y8eGP7W8|https://www.youtube.com/shorts/KsST5N8n38s
22,LeylaStar,@leylastar,UCfG-pUjqBk0axjSBzsyg_PA,https://www.youtube.com/@leylastar,UUfG-pUjqBk0axjSBzsyg_PA,US,comedy,comedy|skits|relatable|humor|everyday_life|lifestyle|entertainment|spanish_learning,false,,Sketches de comedia y situaciones con las que es fácil identificarse sobre la vida diaria y la infancia.,Comedy skits and relatable situations about daily life and childhood.,humorous,fast,medium,4,31,31,0,454353,10687725,11200000,2036,low,high,strict_review,High production value and clear enunciation despite the fast pace.,https://www.youtube.com/shorts/GgRwK7QiiNo|https://www.youtube.com/shorts/gG_9UkdNONI|https://www.youtube.com/shorts/MqYXWPvCjGo|https://www.youtube.com/shorts/cjmFIKkVwW0|https://www.youtube.com/shorts/sYexRVLx4Nc
23,Pedro Palencia,@pedropalencia,UC8GTvSootGOomEkbsBWhG9w,https://www.youtube.com/@pedropalencia,UU8GTvSootGOomEkbsBWhG9w,ES,comedy,comedy|skits|relatable|humor|everyday_life|friends|entertainment|spanish_learning,false,,Sketches cómicos sobre situaciones incómodas y divertidas de la vida cotidiana.,Comedic skits about awkward and funny everyday life situations.,humorous,fast,medium,5,49,41,0,1261926,103383144,5570000,545,low,high,strict_review,Engaging content with practical vocabulary for social situations.,https://www.youtube.com/shorts/SqkHuAzX10M|https://www.youtube.com/shorts/brWJSPU_qdU|https://www.youtube.com/shorts/wZaFBjpCzi4|https://www.youtube.com/shorts/kAgSqquth3M|https://www.youtube.com/shorts/pKqNzMaJwvc
24,Nachter,@nachter,UCjzJBLLJOtnxGeVl1hc4r_Q,https://www.youtube.com/@nachter,UUjzJBLLJOtnxGeVl1hc4r_Q,ES,comedy,comedy|skits|family_humor|relatable|everyday_life|spain|entertainment|spanish_learning,false,,"Humor familiar y sketches sobre situaciones típicas entre padres, hijos y parejas.","Family-friendly humor and skits about typical situations between parents, children, and couples.",humorous,fast,medium,5,47,47,2,163637,553316,6410000,6478,low,high,strict_review,Very popular creator with clear speech and universally relatable themes.,https://www.youtube.com/shorts/IFDYsFCYV94|https://www.youtube.com/shorts/zQw-RS5Gsx0|https://www.youtube.com/shorts/h5H4-tSDS-w|https://www.youtube.com/shorts/pjfURdBbEHU|https://www.youtube.com/shorts/R8JLJMNUZhU
25,Cami Slimes,@camislimes,UC_3MsQvTqEgcGyJNQgqJ4xw,https://www.youtube.com/@camislimes,UU_3MsQvTqEgcGyJNQgqJ4xw,PE,making_from_scratch,diy|crafts|slime|small_business|packing_orders|asmr|peru|making_from_scratch|lifestyle,true,"DIY, crafts, and small business content with natural spoken Spanish.","Creación de slime, preparación de pedidos y contenido sobre su pequeño negocio en Perú.","Slime making, order packing, and content about her small business in Peru.",casual,medium,medium,5,50,15,0,170591,1042888,3890000,683,low,medium,strict_review,"Good for learning vocabulary related to crafts, business, and instructions.",https://www.youtube.com/shorts/RNiGGg8V-pE|https://www.youtube.com/shorts/9mkYpnKznTY|https://www.youtube.com/shorts/kChQIZqP1VU|https://www.youtube.com/shorts/_mTQmwaOYd0|https://www.youtube.com/shorts/rKwsZKtzP9s
26,Mariana Palacios,@marianapalacios,UC0eawIoEEFRYGf4cyfAPjJg,https://www.youtube.com/@marianapalacios,UU0eawIoEEFRYGf4cyfAPjJg,MX,lifestyle,lifestyle|storytime|commentary|vlog|opinion|pop_culture|comedy|entertainment,true,"High-quality storytime and lifestyle content, perfect for conversational Spanish learning.","Canal de estilo de vida y storytimes donde la creadora comparte anécdotas personales, opiniones y vlogs de su día a día.","Lifestyle and storytime channel where the creator shares personal anecdotes, opinions, and daily vlogs.",energetic,fast,medium,5,49,49,0,496404,6429708,7630000,1341,low,high,strict_review,"High production value and engaging storytelling, excellent for advanced listening comprehension.",https://www.youtube.com/shorts/X0B1KSzZXxg|https://www.youtube.com/shorts/b7R8OD8Stxc|https://www.youtube.com/shorts/xH6-H2G1Miw|https://www.youtube.com/shorts/mCb1i-MS9go|https://www.youtube.com/shorts/PasuEAFUNq4
27,TOBBAL SHORTS,@tobbal,UCFfQRka32oFIvJykfkQ-H-w,https://www.youtube.com/@tobbal,UUFfQRka32oFIvJykfkQ-H-w,ES,comedy,comedy|commentary|humor|entertainment|lifestyle|opinion|pop_culture|gaming,false,,Canal de comedia y comentarios enfocado en reacciones humorísticas y situaciones divertidas de la vida cotidiana.,Comedy and commentary channel focused on humorous reactions and funny everyday situations.,humorous,fast,medium,5,50,50,0,1415468,16974308,1800000,1026,medium,high,strict_review,Good for learning colloquialisms and fast-paced conversational Spanish.,https://www.youtube.com/shorts/_p-mZRER1ZY|https://www.youtube.com/shorts/ZDgFfFsKiiQ|https://www.youtube.com/shorts/UaSEl6wlLV0|https://www.youtube.com/shorts/0HQ6NcZGYrw|https://www.youtube.com/shorts/ypNHmkAXLm0
28,Una maestra con clase,@unamaestraconclase,UCUCCovRfQa83IpUYOF6ClMw,https://www.youtube.com/@unamaestraconclase,UUUCCovRfQa83IpUYOF6ClMw,ES,making_from_scratch,making_from_scratch|diy|crafts|education|parenting|lifestyle|home|family,true,"Excellent DIY and crafts content with clear, instructional Spanish.","Canal educativo y de manualidades dirigido a padres y maestros, con ideas creativas y actividades para hacer con niños.","Educational and crafts channel aimed at parents and teachers, featuring creative ideas and activities to do with children.",educational,medium,medium,5,41,41,0,758688,16404430,739000,258,low,high,strict_review,"Clear articulation and instructional vocabulary, great for learners.",https://www.youtube.com/shorts/E_i5kexaOPY|https://www.youtube.com/shorts/CYsWdCmB2FM|https://www.youtube.com/shorts/5PzwmlSaDIE|https://www.youtube.com/shorts/hQtf4PZuEW0|https://www.youtube.com/shorts/j-Tr6sE0M0s
29,Renata Puente,@soyrenpuentee,UCRSknq6ROIYtRdXxJK37Tpw,https://www.youtube.com/@soyrenpuentee,UURSknq6ROIYtRdXxJK37Tpw,MX,lifestyle,lifestyle|vlog|storytime|entertainment|pop_culture|comedy|daily_life|opinion,true,"Engaging lifestyle vlogs and storytimes that provide authentic, everyday Spanish.","Vlogs de estilo de vida, storytimes y retos donde la creadora comparte su vida diaria y experiencias personales.","Lifestyle vlogs, storytimes, and challenges where the creator shares her daily life and personal experiences.",energetic,fast,medium,4,39,31,0,893955,14612876,2850000,210,low,high,strict_review,Authentic conversational Spanish with modern slang and expressions.,https://www.youtube.com/shorts/Vq7_myKQ6Os|https://www.youtube.com/shorts/SwVJWBCrjZs|https://www.youtube.com/shorts/74iQWAGAIV0|https://www.youtube.com/shorts/4uzs99kMroU|https://www.youtube.com/shorts/HrE9G0qY-Hw
30,Dankev,@dankev,UCHrHJ9PDhruY9XF5WXJ4a7g,https://www.youtube.com/@dankev,UUHrHJ9PDhruY9XF5WXJ4a7g,MX,education,science|education|explainers|trivia|pop_culture|commentary|entertainment|facts,false,,"Canal de curiosidades y datos interesantes sobre ciencia, cultura pop y el mundo en general.","Trivia and interesting facts channel covering science, pop culture, and the world in general.",informative,fast,medium,5,43,43,0,426020,3047774,9300000,2757,low,high,strict_review,"Good for vocabulary building, though the fast-paced narration might be challenging for beginners.",https://www.youtube.com/shorts/AAq3CHZTt6k|https://www.youtube.com/shorts/p2FfWiRgfv8|https://www.youtube.com/shorts/VIHSAMj5IZo|https://www.youtube.com/shorts/6290P9z4ijE|https://www.youtube.com/shorts/mqZEpCkcoYM
31,"SugarBabe, Luxury Press On Nails ",@sugarbabe.pressonnails,UCoJ5pyiZL9xPb_b6AlAg6zQ,https://www.youtube.com/@sugarbabe.pressonnails,UUoJ5pyiZL9xPb_b6AlAg6zQ,PE,making_from_scratch,beauty|making_from_scratch|diy|crafts|lifestyle|business|fashion|nails|art,true,Great making-from-scratch content focusing on nail art and small business operations.,Canal de belleza y emprendimiento enfocado en la creación y venta de uñas postizas personalizadas (press-on nails).,Beauty and entrepreneurship channel focused on the creation and sale of custom press-on nails.,friendly,medium,medium,5,50,50,0,126261,3093366,1570000,2471,low,high,strict_review,"Clear, conversational Spanish with specific vocabulary related to beauty and business.",https://www.youtube.com/shorts/x4hoYxO5mi0|https://www.youtube.com/shorts/EZKjt7FtjaQ|https://www.youtube.com/shorts/ESgXsB_OX5Q|https://www.youtube.com/shorts/xghBCBuK8Fk|https://www.youtube.com/shorts/PYdjoK-o81Y
32,Mi Alter Edu,@mialteredu,UCJm3VkUZBatO7ZhcYJQN8wg,https://www.youtube.com/@mialteredu,UUJm3VkUZBatO7ZhcYJQN8wg,ES,making_from_scratch,making_from_scratch|food|cooking|drinks|bartender|comedy|lifestyle|entertainment|spanish|shorts,true,"High-quality cooking and bartending content with a comedic twist, perfect for adult learners.","Canal de coctelería y cocina con un toque de humor, donde el creador enseña a preparar bebidas y platillos mientras divierte a su audiencia.","Bartending and cooking channel with a comedic twist, where the creator teaches how to make drinks and dishes while entertaining the audience.",humorous,fast,medium,5,50,50,0,452160,8408732,844000,800,medium,high,strict_review,High-quality original content with good production value and engaging presentation.,https://www.youtube.com/shorts/nLGWQW1dUu0|https://www.youtube.com/shorts/H-5fe53nfB4|https://www.youtube.com/shorts/jORd2pu896o|https://www.youtube.com/shorts/68r8HrF8Fuc|https://www.youtube.com/shorts/Rfw1S8eqyu4
33,PNK Wow!,@pnkwow,UCpaKIVaK-gLSJf6_-hSLNIA,https://www.youtube.com/@pnkwow,UUpaKIVaK-gLSJf6_-hSLNIA,CO,lifestyle,lifestyle|beauty|makeup|comedy|humor|workplace|storytime|entertainment|spanish|shorts,true,Engaging workplace comedy and makeup content featuring native Spanish speakers.,Canal de una tienda de maquillaje que combina novedades de belleza con divertidos sketches y situaciones cómicas entre las empleadas.,Makeup store channel that combines beauty news with funny sketches and comedic situations among the employees.,humorous,fast,medium,5,49,49,0,710440,42201779,788000,244,low,high,strict_review,Original workplace comedy and beauty content with native speakers.,https://www.youtube.com/shorts/-XXxQpNtLLg|https://www.youtube.com/shorts/-jWGlJPiGJ0|https://www.youtube.com/shorts/BjNOs9Otmv0|https://www.youtube.com/shorts/LmLQ_yMaByY|https://www.youtube.com/shorts/SMbsLgzSLIo
34,Kari Receta,@karireceta,UCP-BSEjlV-EQ9vl2DFLuHUg,https://www.youtube.com/@karireceta,UUP-BSEjlV-EQ9vl2DFLuHUg,US,making_from_scratch,making_from_scratch|food|cooking|recipes|mexican_food|lifestyle|home|family|spanish|shorts,true,"Authentic, high-quality home cooking and recipe tutorials by a native Spanish speaker.","Canal de cocina casera donde Karina comparte recetas deliciosas y fáciles de preparar, con un enfoque en la comida mexicana y latina.","Home cooking channel where Karina shares delicious and easy-to-make recipes, focusing on Mexican and Latin food.",warm,medium,medium,5,49,44,0,531457,4694937,296000,107,low,high,strict_review,"High-quality, authentic cooking content with clear instructions.",https://www.youtube.com/shorts/iV8AnA7kK34|https://www.youtube.com/shorts/OKX2o8b-6Pg|https://www.youtube.com/shorts/wmkUmPgg_Ic|https://www.youtube.com/shorts/cQku01QRvY0|https://www.youtube.com/shorts/7AHyTy3I2yc
35,Waldir Maqque,@waldir.maqque,UCk0_yfWVpKryN6Aue8ccQfg,https://www.youtube.com/@waldir.maqque,UUk0_yfWVpKryN6Aue8ccQfg,PE,making_from_scratch,making_from_scratch|food|cooking|culture|peru|traditional|outdoor_cooking|lifestyle|spanish|shorts,true,Unique and authentic outdoor cooking content showcasing traditional ingredients and methods.,"Creador peruano que comparte su pasión por la cocina tradicional y al aire libre, preparando platillos auténticos con ingredientes locales.","Peruvian creator sharing his passion for traditional and outdoor cooking, preparing authentic dishes with local ingredients.",authentic,medium,medium,4,36,11,0,1169191,17031417,712000,287,low,high,strict_review,Excellent cultural and culinary content with high production value and authenticity.,https://www.youtube.com/shorts/pZyIzVWLe64|https://www.youtube.com/shorts/I_64-zU7dnU|https://www.youtube.com/shorts/k7jSZbbj04g|https://www.youtube.com/shorts/rMTThynyj_Y|https://www.youtube.com/shorts/yUKAettXqlY
36,Pau Bolzan,@bolzanpaula,UCWhjj5edTtikTDkjweU5vrQ,https://www.youtube.com/@bolzanpaula,UUWhjj5edTtikTDkjweU5vrQ,AR,making_from_scratch,making_from_scratch|diy|crafts|art|lifestyle|argentina|spanish|shorts|creativity,true,"Channel focuses on DIY, crafts, and making things from scratch.","Canal de manualidades, arte y estilo de vida donde la creadora comparte sus proyectos creativos y diarios.",Arts and crafts channel where the creator shares her DIY projects and daily creative lifestyle.,"creative, enthusiastic, friendly",medium,medium,2,20,20,0,1834757,16433500,9020000,792,low,high,strict_review,High-quality original DIY and craft content.,https://www.youtube.com/shorts/m8qLDt8wzts|https://www.youtube.com/shorts/zRF0_2k242U|https://www.youtube.com/shorts/b9FciGM2EGw|https://www.youtube.com/shorts/ZMM3SPSkFAE|https://www.youtube.com/shorts/8TXtcmOoV7A
37,Tonyfrancog,@tonyfrancog,UCkAsJNGzeto3kmjNhwYeo_A,https://www.youtube.com/@tonyfrancog,UUkAsJNGzeto3kmjNhwYeo_A,MX,commentary,commentary|explainers|pop_culture|movies|curiosities|science|education|spanish|shorts,true,Engaging commentary and explainer content about pop culture and curiosities.,"Canal de curiosidades y explicaciones sobre cultura pop, películas y datos interesantes.","Curiosities and explainer channel focusing on pop culture, movies, and interesting facts.","informative, engaging, curious",fast,medium,5,50,50,0,288501,9955747,4290000,1250,low,high,strict_review,Well-edited explainer videos with clear narration.,https://www.youtube.com/shorts/z7eYD_vyTNI|https://www.youtube.com/shorts/JsuZsW3ejU0|https://www.youtube.com/shorts/w2etlCD0xQg|https://www.youtube.com/shorts/yGDSdy5D5T4|https://www.youtube.com/shorts/NfY8QhApQp4
38,Atilio Larin,@atiliolarin,UC2RLcCG-zX5AQvfY6Fwzmcg,https://www.youtube.com/@atiliolarin,UU2RLcCG-zX5AQvfY6Fwzmcg,SV,comedy,comedy|skits|humor|entertainment|lifestyle|spanish|shorts|funny|relatable,false,,Canal de comedia que presenta sketches cortos y situaciones divertidas de la vida cotidiana.,Comedy channel featuring short skits and funny relatable everyday situations.,"humorous, energetic, exaggerated",fast,medium,4,33,33,0,1382647,20254779,6690000,893,medium,high,strict_review,"Popular comedy skits, good for learning colloquial expressions.",https://www.youtube.com/shorts/_GzokiYU7ZI|https://www.youtube.com/shorts/tCpvM6hW4bs|https://www.youtube.com/shorts/Sofu0qX8U-Q|https://www.youtube.com/shorts/7tswGxIzu1M|https://www.youtube.com/shorts/E4QRZEil3_A
39,Jason Thores,@jasonthores,UCvqTjofOw6-2tJ3gpp0u9wA,https://www.youtube.com/@jasonthores,UUvqTjofOw6-2tJ3gpp0u9wA,MX,commentary,commentary|mystery|theories|explainers|storytime|creepy|spanish|shorts|entertainment,true,Strong commentary and storytime content focusing on mysteries and theories.,"Canal de misterio y teorías que explora datos curiosos, historias espeluznantes y enigmas.","Mystery and theories channel exploring curious facts, creepy stories, and enigmas.","mysterious, suspenseful, engaging",medium,medium,3,29,29,0,58749,231603,5950000,1709,medium,high,strict_review,Engaging storytelling with good production value.,https://www.youtube.com/shorts/uA42-X_lutg|https://www.youtube.com/shorts/vJMRGnnH0l4|https://www.youtube.com/shorts/5v2V15AuNmE|https://www.youtube.com/shorts/pPhrJxEWlZI|https://www.youtube.com/shorts/rzYYrD7NOuU
40,Davisuuarez2,@davisuuarez,UCh14bht4isvHoO2paCbLE0w,https://www.youtube.com/@davisuuarez,UUh14bht4isvHoO2paCbLE0w,ES,sports,sports|football|soccer|comedy|commentary|world_cup|spanish|shorts|entertainment,false,,Canal centrado en el fútbol que combina comentarios deportivos con humor y retos.,Football-centric channel combining sports commentary with humor and challenges.,"energetic, humorous, passionate",fast,medium,4,31,31,0,289022,5630366,1540000,1791,low,high,strict_review,"Good for sports fans, mixes gameplay/commentary with real-life football talk.",https://www.youtube.com/shorts/JtItnV9_I8I|https://www.youtube.com/shorts/5EzsKAS5ZgQ|https://www.youtube.com/shorts/QtcNNGqNMvE|https://www.youtube.com/shorts/wkyHo1h4NYo|https://www.youtube.com/shorts/5snt6hwOzR0
41,Jen y Miguel ,@jenymiguel,UCFf1pA7jn0B1VdkZU56aw6Q,https://www.youtube.com/@jenymiguel,UUFf1pA7jn0B1VdkZU56aw6Q,MX,lifestyle,lifestyle|comedy|challenges|vlogs|couples|entertainment|spanish|shorts|relatable,true,"Lifestyle channel featuring couple vlogs, challenges, and relatable daily content.","Canal de estilo de vida de una pareja que comparte bromas, retos, vlogs y tendencias divertidas.","Couple's lifestyle channel sharing pranks, challenges, vlogs, and fun trends.","playful, romantic, energetic",fast,medium,5,50,50,0,337923,5069603,2320000,1239,medium,high,strict_review,"High-energy couple content, good for conversational Spanish.",https://www.youtube.com/shorts/ru7YVPsnyVI|https://www.youtube.com/shorts/CBicWoVZ_xI|https://www.youtube.com/shorts/nIjw74NPF7w|https://www.youtube.com/shorts/SCQ0VtfJhTM|https://www.youtube.com/shorts/3wDd3OjLoZ0
42,Andrea Escorcia ,@andreaescorciaa,UCnugH_1MOnrTh3z7a5fqspw,https://www.youtube.com/@andreaescorciaa,UUnugH_1MOnrTh3z7a5fqspw,unknown,beauty,beauty|makeup|lifestyle|tutorials|cosmetics|vlogs|spanish|shorts|fashion,true,High-quality lifestyle and beauty content with makeup tutorials and vlogs.,"Canal de belleza y estilo de vida enfocado en tutoriales de maquillaje, reseñas de productos y vlogs personales.","Beauty and lifestyle channel focused on makeup tutorials, product reviews, and personal vlogs.","friendly, aesthetic, informative",medium,medium,4,37,37,0,313955,4991592,405000,188,low,high,strict_review,"Aesthetic and clear beauty content, excellent for vocabulary related to cosmetics and daily routines.",https://www.youtube.com/shorts/xfIGyZ9vkRs|https://www.youtube.com/shorts/TMDMN6iCKGw|https://www.youtube.com/shorts/7PV_DOWVnCo|https://www.youtube.com/shorts/QE0shNUvMaY|https://www.youtube.com/shorts/YwkhAaphjqc
43,5 grados__bajo__0,@5grados__bajo__0,UCgYdXte2i3j6TqdaEl0rABw,https://www.youtube.com/@5grados__bajo__0,UUgYdXte2i3j6TqdaEl0rABw,unknown,comedy,comedy|lifestyle|skits|humor|entertainment|spanish|funny|relatable,false,,Canal de comedia y sketches de humor sano sobre situaciones cotidianas.,Comedy channel featuring clean humor and skits about everyday relatable situations.,humorous,fast,medium,5,50,50,0,34704,1363961,82800,557,low,high,strict_review,"Good native Spanish comedy content, useful for learning everyday slang and expressions.",https://www.youtube.com/shorts/PXWBtKFxYPE|https://www.youtube.com/shorts/--lv-l6NXN8|https://www.youtube.com/shorts/O6Eqr0YtTgI|https://www.youtube.com/shorts/kdQ3eYXe9mE|https://www.youtube.com/shorts/h3v13HKmF5E
44,ChuuyMine,@chuuymine,UCrPWiqy4AmzFruDvWONex6w,https://www.youtube.com/@chuuymine,UUrPWiqy4AmzFruDvWONex6w,MX,gaming,gaming|vtuber|commentary|entertainment|spanish|humor|gameplay|reactions,false,,"Canal de un VTuber que sube contenido de videojuegos, reacciones y humor.","VTuber channel featuring gaming content, reactions, and humor.",energetic,fast,low,2,16,16,0,2326426,6123295,23600000,1009,medium,high,strict_review,"High energy VTuber gaming content, good for learners interested in gaming vocabulary and internet culture.",https://www.youtube.com/shorts/nRrqoDeO2GA|https://www.youtube.com/shorts/95BRG0-CdDY|https://www.youtube.com/shorts/74B3AJfd3Nc|https://www.youtube.com/shorts/wrzhvw7-cS4|https://www.youtube.com/shorts/7wq4gCWbLZs
45,Tatiana Kaer,@tatianakaershort,UCVYnla-5dK5GMANkpiFUZow,https://www.youtube.com/@tatianakaershort,UUVYnla-5dK5GMANkpiFUZow,ES,lifestyle,lifestyle|storytime|vlog|commentary|daily_life|spanish|entertainment|humor,true,Fits the lifestyle and storytime/commentary criteria perfectly.,Canal de estilo de vida y storytimes donde la creadora comparte anécdotas personales y vlogs.,Lifestyle and storytime channel where the creator shares personal anecdotes and vlogs.,casual,fast,medium,4,35,17,0,382135,3656571,610000,669,low,high,strict_review,"Excellent native Spanish storytime and lifestyle content, highly engaging for adult learners.",https://www.youtube.com/shorts/d_L2fPN7Ifw|https://www.youtube.com/shorts/N9--i7knhaY|https://www.youtube.com/shorts/v6FCc-6MCxE|https://www.youtube.com/shorts/0rOJS0wbUJc|https://www.youtube.com/shorts/N265McLdyF8
46,Isa Grwm,@grwm._isaaa,UC4FcQ3aH1EmA1NsKg-GY4Aw,https://www.youtube.com/@grwm._isaaa,UU4FcQ3aH1EmA1NsKg-GY4Aw,MX,beauty,beauty|makeup|grwm|lifestyle|vlog|spanish|fashion|daily_routine,true,Fits the lifestyle and beauty/GRWM criteria perfectly.,Canal de belleza y estilo de vida centrado en rutinas de maquillaje (GRWM) y vlogs diarios.,Beauty and lifestyle channel focused on Get Ready With Me (GRWM) makeup routines and daily vlogs.,friendly,medium,medium,3,23,23,0,124507,977154,1010000,1145,low,high,strict_review,"Great beauty and lifestyle content with clear, conversational Spanish.",https://www.youtube.com/shorts/NlrWsrDthTc|https://www.youtube.com/shorts/SvfSXuIwoIo|https://www.youtube.com/shorts/Vn4avrCi1hg|https://www.youtube.com/shorts/PTuRxV2a33I|https://www.youtube.com/shorts/4B9QhoONTxQ
47,Celeste Herrera,@soycelestedraw,UCpJlGUxgV9UtwijnGkcbhig,https://www.youtube.com/@soycelestedraw,UUpJlGUxgV9UtwijnGkcbhig,MX,making_from_scratch,art|drawing|diy|crafts|making_from_scratch|miniatures|spanish|creativity,true,Fits the making-from-scratch/DIY/crafts criteria perfectly.,Canal de arte y manualidades donde la creadora mexicana hace dibujos y objetos en miniatura.,Art and crafts channel where the Mexican creator makes drawings and miniature objects.,creative,medium,medium,4,32,32,0,131079,1816468,1180000,1640,low,high,strict_review,"High-quality art and DIY content with clear, engaging Spanish narration.",https://www.youtube.com/shorts/gQoGnJS_0So|https://www.youtube.com/shorts/mjZJFPQtRJk|https://www.youtube.com/shorts/CBL0MokZAH8|https://www.youtube.com/shorts/iFbgaN2hQ68|https://www.youtube.com/shorts/lcbSxje5diU
48,PeliDatos,@pelidatos,UClcAj_9usOBCtPf99sfcREw,https://www.youtube.com/@pelidatos,UUlcAj_9usOBCtPf99sfcREw,unknown,commentary,commentary|pop_culture|movies|entertainment|spanish|shorts|facts|marvel,true,"Commentary channel focusing on pop culture and movie facts, highly engaging for adult learners.","Canal de comentarios y curiosidades sobre películas y cultura pop, especialmente del universo Marvel.","Commentary and trivia channel about movies and pop culture, especially the Marvel universe.","informative, entertaining",fast,medium,5,50,50,0,1073416,6442973,3090000,731,low,high,strict_review,"High view counts, consistent movie trivia content.",https://www.youtube.com/shorts/hcaNhhBz5Yc|https://www.youtube.com/shorts/PTQFw1AQj-o|https://www.youtube.com/shorts/MD6e_TimVp0|https://www.youtube.com/shorts/a_KHcTu-n6Q|https://www.youtube.com/shorts/FWRURyx_uzo
49,Khe! de Ketz,@khedeketz,UCBX7gP5Mxs__4S0SSEFvQAw,https://www.youtube.com/@khedeketz,UUBX7gP5Mxs__4S0SSEFvQAw,MX,commentary,commentary|pop_culture|sports|movies|entertainment|spanish|shorts|opinion,true,"Engaging commentary on pop culture, movies, and sports events.","Canal de comentarios sobre cultura pop, películas y eventos deportivos con un toque humorístico.","Commentary channel covering pop culture, movies, and sports events with a humorous touch.","humorous, engaging",fast,medium,5,49,49,0,616574,2828485,3060000,2701,low,high,strict_review,Popular commentary channel with engaging topics.,https://www.youtube.com/shorts/nYf5MqGLaA0|https://www.youtube.com/shorts/uAgLJYmi2WA|https://www.youtube.com/shorts/s0btP2mWl2M|https://www.youtube.com/shorts/UGBWYkKMWAU|https://www.youtube.com/shorts/tmueDASrpoQ
50,CELESTE AVENTURERA,@soycelesteaventurera,UCYK2xKBKNR43kEeOBZGBh8Q,https://www.youtube.com/@soycelesteaventurera,UUYK2xKBKNR43kEeOBZGBh8Q,unknown,lifestyle,lifestyle|entertainment|trends|commentary|spanish|shorts|vlog|opinion,true,Lifestyle and entertainment creator doing trends and casual commentary.,"Creadora de contenido de estilo de vida y entretenimiento que hace transiciones, tendencias y comentarios casuales.","Lifestyle and entertainment creator doing transitions, trends, and casual commentary.","casual, energetic",medium,medium,5,46,46,0,191140,6123877,6550000,472,low,high,strict_review,"High subscriber count, personal creator content.",https://www.youtube.com/shorts/CC0W57ATx9Y|https://www.youtube.com/shorts/okk2c7RlpCc|https://www.youtube.com/shorts/3c9v3a4l1MQ|https://www.youtube.com/shorts/jUONgOtDfP4|https://www.youtube.com/shorts/W3nLkbwD540
51,FAMILINK SHORTS,@familinkshorts,UCA5go-U5VSGWZG6mwKoOQyQ,https://www.youtube.com/@familinkshorts,UUA5go-U5VSGWZG6mwKoOQyQ,ES,comedy,comedy|skits|family|entertainment|spanish|shorts|humor|lifestyle,false,,Canal de comedia familiar con sketches y situaciones divertidas del día a día.,Family comedy channel featuring skits and funny everyday situations.,"humorous, lighthearted",medium,medium,5,50,50,0,211892,24086346,333000,255,low,high,strict_review,Family-oriented comedy skits.,https://www.youtube.com/shorts/eWsjlLKpI4o|https://www.youtube.com/shorts/-WjK9KFQgfU|https://www.youtube.com/shorts/LVmHflNfRKE|https://www.youtube.com/shorts/gYbmBYAVTpM|https://www.youtube.com/shorts/6NpUtIdNuHw
52,Mabell Rodríguez,@mabellrodriguez,UCnqnJCzgMLG-sUOY0cSRF4g,https://www.youtube.com/@mabellrodriguez,UUnqnJCzgMLG-sUOY0cSRF4g,US,beauty,beauty|lifestyle|makeup|skincare|tutorials|reviews|spanish|shorts|fashion,true,High-quality beauty and lifestyle creator providing reviews and tutorials.,"Creadora de contenido de belleza y estilo de vida que comparte reseñas de maquillaje, rutinas de cuidado de la piel y tutoriales.","Beauty and lifestyle content creator sharing makeup reviews, skincare routines, and tutorials.","informative, friendly",medium,medium,5,50,50,0,74184,3142207,1440000,2985,low,high,strict_review,"Excellent beauty and lifestyle content, very useful for learners interested in this niche.",https://www.youtube.com/shorts/W14VmyV6tnw|https://www.youtube.com/shorts/TJdwUCxm6eI|https://www.youtube.com/shorts/KPJ-ZQsAurI|https://www.youtube.com/shorts/67ibt7nCTpY|https://www.youtube.com/shorts/J5HqC6-8p_g
53,Rodriguh,@rodriguh,UCU9GnpDDi3koNNjdqKhd-gQ,https://www.youtube.com/@rodriguh,UUU9GnpDDi3koNNjdqKhd-gQ,AR,gaming,gaming|roblox|commentary|news|spanish|shorts|entertainment|videogames,false,,"Canal de noticias, curiosidades y comentarios sobre el videojuego Roblox.","News, trivia, and commentary channel about the video game Roblox.","energetic, enthusiastic",fast,medium,3,26,26,0,418403,2089046,1540000,907,low,medium,strict_review,"Gaming content focused on Roblox, might appeal to a younger demographic but good for gaming vocabulary.",https://www.youtube.com/shorts/NWcrRNZE8Kw|https://www.youtube.com/shorts/TRxTOz87HYQ|https://www.youtube.com/shorts/nRt7rTc3Kk8|https://www.youtube.com/shorts/AU7eBkn6GLQ|https://www.youtube.com/shorts/p_shB7DR72Q
54,Paola Ruiz,@paoruizb,UCDyqRunXLpjAn_zL-KCVuQA,https://www.youtube.com/@paoruizb,UUDyqRunXLpjAn_zL-KCVuQA,US,lifestyle,lifestyle|storytime|commentary|vlog|entertainment|spanish|shorts|opinion|trends,true,"Personal creator sharing storytimes, lifestyle content, and casual commentary.","Creadora de contenido que comparte anécdotas personales, estilo de vida, tendencias y comentarios.","Content creator sharing personal storytimes, lifestyle, trends, and commentary.","energetic, conversational",fast,medium,5,47,47,0,93844,18271950,2480000,923,low,high,strict_review,"High engagement, conversational Spanish perfect for learners.",https://www.youtube.com/shorts/1aThsTPILn0|https://www.youtube.com/shorts/T1xiuuB1VAs|https://www.youtube.com/shorts/8y6_LaaN9m4|https://www.youtube.com/shorts/y-o84n27NDg|https://www.youtube.com/shorts/I1loJOQpuoY
55,Elizabethvaluu,@elizabethvaluu,UCzuVhiQXtKcRGf5z3WurpLA,https://www.youtube.com/@elizabethvaluu,UUzuVhiQXtKcRGf5z3WurpLA,unknown,beauty,beauty|makeup|lifestyle|tutorials|tips|spanish|shorts|fashion|reviews,true,Beauty and lifestyle creator sharing makeup tutorials and tips.,"Canal de belleza y estilo de vida con tutoriales de maquillaje, trucos y recomendaciones de productos.","Beauty and lifestyle channel featuring makeup tutorials, tips, and product recommendations.","friendly, informative",medium,medium,4,31,31,0,175689,1763089,332000,435,low,high,strict_review,Great beauty content with clear spoken Spanish.,https://www.youtube.com/shorts/JL6ypGbaZC8|https://www.youtube.com/shorts/k29R-UC32Mc|https://www.youtube.com/shorts/St5n9wYZnwM|https://www.youtube.com/shorts/WlFH9tn8Y2o|https://www.youtube.com/shorts/d3Dzb-0OAc8
56,Mateo Fútbol,@mateofutboltv,UCEq1EsUIj-0WyR2EzxDuwmg,https://www.youtube.com/@mateofutboltv,UUEq1EsUIj-0WyR2EzxDuwmg,ES,sports,sports|football|soccer|commentary|news|spanish|shorts|opinion|analysis,true,"Sports commentary and news channel, great for learners interested in football.","Canal de noticias, análisis y comentarios sobre el mundo del fútbol y sus jugadores.","News, analysis, and commentary channel about the world of football and its players.","informative, passionate",fast,medium,5,45,45,0,67139,2605442,1340000,829,low,high,strict_review,Good sports commentary channel with relevant vocabulary.,https://www.youtube.com/shorts/ayDgO9ga_Rk|https://www.youtube.com/shorts/4mkt4Vpjuj8|https://www.youtube.com/shorts/_ohjVXCDKVo|https://www.youtube.com/shorts/50EsaD11b_o|https://www.youtube.com/shorts/hclJxdZpZhs
57,LarryArt,@larryart_,UCuM5esbCVcxxx_cAnKx9dxg,https://www.youtube.com/@larryart_,UUuM5esbCVcxxx_cAnKx9dxg,CO,making_from_scratch,making_from_scratch|diy|crafts|art|lifestyle|vlog|tutorial|creativity,true,"Channel focuses on DIY, crafts, and making things from scratch, which aligns perfectly with Isabella's interests.","Canal de un creador venezolano en Colombia que comparte tutoriales de arte, manualidades y proyectos DIY creativos.","Channel by a Venezuelan creator in Colombia sharing art tutorials, crafts, and creative DIY projects.",enthusiastic,medium,medium,3,29,29,0,62245,4539761,1800000,375,low,high,strict_review,"High-quality DIY and craft content with clear, native Spanish narration.",https://www.youtube.com/shorts/KN_vFrvvWIw|https://www.youtube.com/shorts/gnYaLeNRzGM|https://www.youtube.com/shorts/b9CaU2Tqay8|https://www.youtube.com/shorts/fLXjhMGCV6k|https://www.youtube.com/shorts/duO3s02p3Eo
58,Lau Dumé,@laudume,UCjIp6TVd8daZXt3-O_hqNgA,https://www.youtube.com/@laudume,UUjIp6TVd8daZXt3-O_hqNgA,unknown,lifestyle,tech_tips|lifestyle|diy|mobile_tricks|technology|vlog|entertainment|hacks,true,Features DIY projects and lifestyle hacks.,"Canal de estilo de vida que comparte trucos de tecnología para celulares, hacks útiles y algunos proyectos DIY.","Lifestyle channel sharing mobile tech tips, useful hacks, and some DIY projects.",helpful,medium,medium,5,45,21,0,28020,18476447,1840000,175,low,high,strict_review,Clear instructions and useful everyday vocabulary.,https://www.youtube.com/shorts/h3pGdeSjhaM|https://www.youtube.com/shorts/llgxCLoN5GA|https://www.youtube.com/shorts/lMzY3cz3Z1U|https://www.youtube.com/shorts/kuYrk6BJvk0|https://www.youtube.com/shorts/brEO4yLG5rY
59,Ricitos ,@ricitosaventurero,UCnPAArBZnjSnRQrPKW1NiTg,https://www.youtube.com/@ricitosaventurero,UUnPAArBZnjSnRQrPKW1NiTg,CO,lifestyle,lifestyle|farm_life|vlog|dance|cooking|nature|comedy|entertainment|culture,true,"Features cooking recipes, farm life, and lifestyle vlogs.","Vlogs sobre la vida en la finca, recetas de cocina, bailes, aventuras y humor.","Vlogs about farm life, cooking recipes, dances, adventures, and humor.",cheerful,medium,medium,5,41,41,0,91445,6467163,499000,150,low,high,strict_review,"Great cultural and lifestyle content with natural, conversational Spanish.",https://www.youtube.com/shorts/NhFj9IbJ8V8|https://www.youtube.com/shorts/PcxDqYEyh9k|https://www.youtube.com/shorts/AvqUR_AsoK8|https://www.youtube.com/shorts/i_nrokIFWCQ|https://www.youtube.com/shorts/AxLKY3Xix6M
60,Siiara_,@siiara,UCDgBjIATZul3LQKYvCD94ag,https://www.youtube.com/@siiara,UUDgBjIATZul3LQKYvCD94ag,unknown,lifestyle,lifestyle|comedy|pov|humor|beauty|makeup|relationships|daily_life,true,"Relatable lifestyle, beauty, and humor content from a young female creator.","Canal de estilo de vida y humor con sketches POV, anécdotas sobre relaciones y rutinas de maquillaje.","Lifestyle and comedy channel featuring POV sketches, relationship anecdotes, and makeup routines.","humorous, relatable, casual",fast,medium,5,45,45,0,121191,5249953,236000,178,medium,high,strict_review,"High-quality native Spanish content with natural, fast-paced speech and slang.",https://www.youtube.com/shorts/uAoYGl7jJaM|https://www.youtube.com/shorts/n1-ljVWP5os|https://www.youtube.com/shorts/jIqysHged2E|https://www.youtube.com/shorts/my5WOHV-B6c|https://www.youtube.com/shorts/0Jm5ZgeChUY
61,Emiliano Garcia TV,@emilianogarciatv,UC-V00iZyyoYMc3zUyUAB7Ew,https://www.youtube.com/@emilianogarciatv,UU-V00iZyyoYMc3zUyUAB7Ew,MX,commentary,commentary|news|culture|mexico|society|storytime|opinion|documentary,false,,"Canal de comentarios y noticias enfocado en la cultura mexicana, historias impactantes y temas sociales.","Commentary and news channel focused on Mexican culture, impactful stories, and social issues.","serious, informative, dramatic",medium,medium,5,50,50,0,69982,3222592,294000,1005,high,high,strict_review,"Good for learning about Mexican culture and society, though topics can be heavy and mature.",https://www.youtube.com/shorts/tVHAKz8BxCs|https://www.youtube.com/shorts/IBWIJXZi_rk|https://www.youtube.com/shorts/vjhggVXYuis|https://www.youtube.com/shorts/EOt6RZcDN3E|https://www.youtube.com/shorts/6nzKMXaoNJ0
62,El Abrahaham Clips,@elabrahahamclips,UCPPjGvg91bDk_JT6iERmiLg,https://www.youtube.com/@elabrahahamclips,UUPPjGvg91bDk_JT6iERmiLg,MX,comedy,gaming|twitch_clips|comedy|conversation|reaction|pop_culture|humor|streaming,false,,"Clips destacados de transmisiones de Twitch con reacciones, humor y conversaciones casuales.","Highlight clips from Twitch streams featuring reactions, humor, and casual conversations.","casual, humorous, energetic",fast,medium,5,50,50,0,85055,5746622,6100000,3463,medium,high,strict_review,"Excellent for learning authentic, conversational Spanish and internet slang.",https://www.youtube.com/shorts/u7mmgzsR2C4|https://www.youtube.com/shorts/3DiSPsJY5Hg|https://www.youtube.com/shorts/Vw8O7r_BnUw|https://www.youtube.com/shorts/TMBD0WQYsaE|https://www.youtube.com/shorts/q9BxXf5sT5Q
63,Rulas 47,@rulas47,UC_t0y7KjGMCpuw2FgedeUgQ,https://www.youtube.com/@rulas47,UU_t0y7KjGMCpuw2FgedeUgQ,ES,sports,sports|football|soccer|challenges|vlog|entertainment|comedy|spain,false,,"Retos de fútbol, vlogs en estadios y contenido de entretenimiento relacionado con el deporte.","Football challenges, stadium vlogs, and sports-related entertainment content.","energetic, fun, enthusiastic",fast,low,2,11,1,0,26349980,57541421,3200000,801,low,high,strict_review,Great for sports fans wanting to learn Spanish through engaging challenges and vlogs.,https://www.youtube.com/shorts/c4prX-0CkIU|https://www.youtube.com/shorts/t9GluF8mmEU|https://www.youtube.com/shorts/OgL5TzdOLQc|https://www.youtube.com/shorts/P4P7GY60Qn0|https://www.youtube.com/shorts/BvNr9VB69tU
64,EL DANY,@eldany.oficial.,UCnl8--gF27ejBldg4xv4yTw,https://www.youtube.com/@eldany.oficial.,UUnl8--gF27ejBldg4xv4yTw,unknown,comedy,comedy|humor|skits|entertainment|spanish|lifestyle|funny|viral,false,,Canal de comedia con sketches y videos de humor sobre situaciones cotidianas y familiares.,Comedy channel featuring skits and humorous videos about everyday and family situations.,humorous,fast,medium,4,40,40,0,61145,2612313,191000,288,medium,high,strict_review,"Skit comedy, likely contains slang and fast-paced conversational Spanish.",https://www.youtube.com/shorts/bycwYtdBcD0|https://www.youtube.com/shorts/Namwo88ZJx4|https://www.youtube.com/shorts/ga3kHUBWqmw|https://www.youtube.com/shorts/NtHEKU0Z7-g|https://www.youtube.com/shorts/Y9Qm4Bhebq4
65,Yo Soy Tu Bro,@yosoytubro,UCFx6hP32s7r03egmeKat5Ew,https://www.youtube.com/@yosoytubro,UUFx6hP32s7r03egmeKat5Ew,ES,commentary,commentary|curiosities|viral_videos|entertainment|spanish|opinion|reactions|internet_culture,true,Commentary and opinion channel with engaging edits and voiceovers.,Canal de comentarios y curiosidades que reacciona a videos virales y retos con edición dinámica.,Commentary and curiosities channel reacting to viral videos and challenges with dynamic editing.,energetic,fast,medium,4,37,37,0,28217,1324241,286000,252,medium,high,strict_review,"High energy commentary, good for learning internet slang and fast-paced Spanish.",https://www.youtube.com/shorts/H-U3aYiiq_g|https://www.youtube.com/shorts/i9UfDJEDw7U|https://www.youtube.com/shorts/XjrVkECLN84|https://www.youtube.com/shorts/l08JfbTrvt0|https://www.youtube.com/shorts/a5x6073hHmI
66,Caos Sobre Ruedas,@caossobreruedas,UCj8Q_pESfLwWMLQKjSpGHAw,https://www.youtube.com/@caossobreruedas,UUj8Q_pESfLwWMLQKjSpGHAw,MX,commentary,commentary|dashcam|viral_videos|storytelling|spanish|entertainment|reactions|vehicles,true,Commentary and storytelling over viral clips.,"Canal que recopila y comenta videos virales de situaciones en la carretera, motociclistas y conductores.","Channel that compiles and comments on viral videos of road situations, motorcyclists, and drivers.",dramatic,medium,medium,5,50,50,0,137543,29762798,690000,186,medium,high,strict_review,"Voiceover commentary on viral clips, good for narrative listening.",https://www.youtube.com/shorts/vP1Q_ExJOfc|https://www.youtube.com/shorts/TdjRys3YgC0|https://www.youtube.com/shorts/a8lDHlUj270|https://www.youtube.com/shorts/UbwtjK2uRwA|https://www.youtube.com/shorts/Q_u_mwzDzAY
67,OnlyVoids,@onlyvoids,UCfNJLb_CRDK_em_3ntlmHVA,https://www.youtube.com/@onlyvoids,UUfNJLb_CRDK_em_3ntlmHVA,AR,commentary,commentary|storytime|horror|sci_fi|mysteries|spanish|entertainment|pop_culture,true,Storytime and commentary channel focusing on mysteries and horror.,"Canal de historias, resúmenes y misterios enfocados en el terror, ciencia ficción y 'icebergs'.","Storytime, recaps, and mysteries channel focused on horror, sci-fi, and 'icebergs'.",mysterious,medium,medium,5,50,50,0,177028,2095097,562000,2366,medium,high,strict_review,Good for narrative Spanish and storytelling vocabulary.,https://www.youtube.com/shorts/k8aZNzTfdUU|https://www.youtube.com/shorts/DDuxNKk1YXM|https://www.youtube.com/shorts/9elRReZCP74|https://www.youtube.com/shorts/ZebaNy_85A8|https://www.youtube.com/shorts/qp7LgqccXtI
68,PelisClips,@pelisclips-only,UCSX677muMKmDU0WHu7u7dqA,https://www.youtube.com/@pelisclips-only,UUSX677muMKmDU0WHu7u7dqA,unknown,commentary,commentary|movies|pop_culture|curiosities|recaps|spanish|entertainment|film_analysis,true,Commentary and recaps of movies with curiosities.,"Canal dedicado a curiosidades, secretos y resúmenes de películas y cine.","Channel dedicated to curiosities, secrets, and recaps of movies and cinema.",informative,fast,medium,5,44,25,0,27951,598593,228000,234,medium,high,strict_review,"Movie recaps and trivia, provides good descriptive vocabulary.",https://www.youtube.com/shorts/TiTVvPdKEkI|https://www.youtube.com/shorts/Y8cG5BNDvac|https://www.youtube.com/shorts/9gJQt_QjLZg|https://www.youtube.com/shorts/jxU2YoKtSm0|https://www.youtube.com/shorts/obAdaHeovSc
69,Ideas sin Frontera,@ideassinfrontera,UCPqw_2Q6bNbxZYOK8R71uPw,https://www.youtube.com/@ideassinfrontera,UUPqw_2Q6bNbxZYOK8R71uPw,UY,making_from_scratch,making_from_scratch|diy|crafts|home_improvement|tools|spanish|education|tutorials,true,"DIY, crafts, and making-from-scratch content.","Canal de tutoriales de bricolaje, reparaciones del hogar y proyectos creativos con diversos materiales.","DIY tutorials, home repairs, and creative projects channel using various materials.",educational,medium,medium,5,46,46,0,11751,67104,403000,1392,low,high,strict_review,"Great instructional vocabulary for tools, materials, and DIY processes.",https://www.youtube.com/shorts/hbnOj4xA0oA|https://www.youtube.com/shorts/tT2KL8grjN4|https://www.youtube.com/shorts/P2w3AyIK7L8|https://www.youtube.com/shorts/cj7nWbCyXbE|https://www.youtube.com/shorts/S2fk0DK4WAk
70,Trivialeando,@trivialeando,UClPMOPklvZsSzgHOVXl9LFQ,https://www.youtube.com/@trivialeando,UUlPMOPklvZsSzgHOVXl9LFQ,ES,education,education|street_interviews|pop_culture|history|sports|conversation|comedy|explainers,true,Trivia and street interviews provide excellent conversational Spanish and cultural context.,"Canal de podcast y trivia con preguntas de cultura general, deportes y entrevistas en la calle.","Podcast and trivia channel featuring general knowledge questions, sports, and street interviews.","fun, engaging, educational",fast,medium,4,34,34,0,164340,1138000,69500,191,low,high,strict_review,"High quality podcast clips and street interviews, great for listening comprehension.",https://www.youtube.com/shorts/7V0UqmYegzA|https://www.youtube.com/shorts/oq5_ItEWVQQ|https://www.youtube.com/shorts/AJtTUg_oQt8|https://www.youtube.com/shorts/-oy4H_MfCzQ|https://www.youtube.com/shorts/iI58rx_Hg0A
71,Hablando Movies,@hablandomovies,UCTrxnsR7OPZyPTeRS2W-m8A,https://www.youtube.com/@hablandomovies,UUTrxnsR7OPZyPTeRS2W-m8A,US,pop_culture,pop_culture|commentary|opinion|movies|entertainment|explainers|science|education,false,Pop culture commentary provides good listening practice but is less conversational than lifestyle content.,"Canal dedicado a curiosidades, opiniones y comentarios sobre cine, Marvel, Star Wars y cultura pop.","Channel dedicated to trivia, opinions, and commentary on movies, Marvel, Star Wars, and pop culture.","enthusiastic, informative",fast,medium,5,50,50,0,27152,1070033,158000,564,low,high,strict_review,"Good production value, clear narration about popular movies.",https://www.youtube.com/shorts/1z7onKvfpZc|https://www.youtube.com/shorts/Zxf8Gc6rpUU|https://www.youtube.com/shorts/voh6wAt0fDQ|https://www.youtube.com/shorts/cUI9u6udtkY|https://www.youtube.com/shorts/eARl4w57kaA
72,Candu,@candu-curiosidades,UCCZPKKbX40_-Dmr-A1FZFYQ,https://www.youtube.com/@candu-curiosidades,UUCZPKKbX40_-Dmr-A1FZFYQ,AR,commentary,commentary|opinion|lifestyle|home|beauty|making_from_scratch|diy|crafts|explainers,true,Commentary on everyday hacks and lifestyle topics provides practical vocabulary.,"Canal de comentarios y curiosidades sobre trucos de vida, moda y videos virales.","Commentary and trivia channel focusing on life hacks, fashion, and viral videos.","casual, surprised, informative",fast,medium,5,48,48,0,4158,29880,196000,5192,low,high,strict_review,Good voiceover commentary on interesting visual content.,https://www.youtube.com/shorts/qwzyTsGCLwI|https://www.youtube.com/shorts/1iu3T0Tx_rY|https://www.youtube.com/shorts/2QQTnrniXQs|https://www.youtube.com/shorts/l3hcEu5gsRc|https://www.youtube.com/shorts/UbSWmSC-nRs
73,Eliana Galindo,@elianagalindorisa,UC4luZr-Rdk11Bi7BK4rswKw,https://www.youtube.com/@elianagalindorisa,UU4luZr-Rdk11Bi7BK4rswKw,AR,comedy,comedy|skits|pop_culture|entertainment|humor|trends|viral|acting,false,Comedy skits based on trends may lack sustained natural dialogue.,"Canal de comedia que recrea tendencias virales, memes y videos graciosos de internet.","Comedy channel that recreates viral trends, memes, and funny internet videos.","humorous, energetic, exaggerated",fast,medium,5,50,50,0,4231,1305043,119000,3154,medium,medium,strict_review,"Relies heavily on trends and memes, but offers colloquial Spanish exposure.",https://www.youtube.com/shorts/neviyXNp6k0|https://www.youtube.com/shorts/-EKXyGcOps8|https://www.youtube.com/shorts/orIfAhjCqdE|https://www.youtube.com/shorts/kQ8pswrJ3eg|https://www.youtube.com/shorts/C3Kvguh1Vd8
74,Paulina Cocina,@paulinacocina,UCpNbMDNc_GXApuxL4aHjSsA,https://www.youtube.com/@paulinacocina,UUpNbMDNc_GXApuxL4aHjSsA,AR,food,food|cooking|recipes|argentina|home_cooking|humor|making_from_scratch|kitchen|casual_speech,true,"Cooking-first creator with practical recipes and a casual, funny delivery.",Canal de recetas caseras con humor y explicaciones claras.,"Argentine home cooking, recipes, and food commentary with a casual comedic style.","practical, clear",medium,medium,4,36,36,0,122401,2203528,4670000,1590,low,high,known_creator_supplement,Known Spanish-language creator supplement verified through current upload samples and 2026 metrics.,https://www.youtube.com/shorts/_zWTJadlBLQ|https://www.youtube.com/shorts/5g0JC47oeLw|https://www.youtube.com/shorts/XH6LPBelEKQ|https://www.youtube.com/shorts/_BBSRLigKFg|https://www.youtube.com/shorts/-x4fPISiB8o
75,INNOVA manualidades,@innovamanualidades,UCd4RCnLvra1xhjQUZkXKaTw,https://www.youtube.com/@innovamanualidades,UUd4RCnLvra1xhjQUZkXKaTw,ES,making_from_scratch,making_from_scratch|diy|crafts|manualidades|home_decor|paper_crafts|reuse|tutorials|creative_projects,true,Direct match for crafts and things made from scratch.,"Canal de manualidades, decoración y proyectos creativos paso a paso.","DIY and craft channel focused on handmade decor, paper crafts, and creative reuse.","practical, clear",medium,medium,5,43,34,0,156201,4870299,2840000,585,low,high,known_creator_supplement,Known Spanish-language creator supplement verified through current upload samples and 2026 metrics.,https://www.youtube.com/shorts/tfgFher_p4o|https://www.youtube.com/shorts/ko_Q_p8Vvkk|https://www.youtube.com/shorts/3asaP82Kda0|https://www.youtube.com/shorts/g1vNwkpjdI4|https://www.youtube.com/shorts/LYCHqNtMgqo
76,La Hiperactina,@lahiperactina,UCV5G678sZwW5IcF3pCfRbHQ,https://www.youtube.com/@lahiperactina,UUV5G678sZwW5IcF3pCfRbHQ,ES,education,science|education|explainers|health|biology|curiosities|commentary|spanish|pop_science,false,,Canal de divulgación científica con explicaciones rápidas y entretenidas.,"Spanish science explainer channel with energetic, accessible short-form education.","entertaining, conversational",medium,medium,4,33,11,0,155650,427104,2610000,307,low,high,known_creator_supplement,Known Spanish-language creator supplement verified through current upload samples and 2026 metrics.,https://www.youtube.com/shorts/GSRjzngXUi0|https://www.youtube.com/shorts/L93LRRVGVdY|https://www.youtube.com/shorts/qmiPJlei9bk|https://www.youtube.com/shorts/9QKOkpu78CQ|https://www.youtube.com/shorts/dsomVW8Wdlc
77,Anna recetasfaciles,@annarecetasfaciles,UCVf-uzV0XR-3DLtRs1sg6Og,https://www.youtube.com/@annarecetasfaciles,UUVf-uzV0XR-3DLtRs1sg6Og,ES,food,food|cooking|recipes|home_cooking|desserts|making_from_scratch|kitchen|tutorials,true,Strong from-scratch recipe channel with clear process vocabulary.,Canal de recetas fáciles y caseras explicadas paso a paso.,Home-cooking channel centered on easy recipes and step-by-step kitchen instruction.,"practical, clear",medium,medium,5,45,44,0,89601,820459,5350000,1803,low,high,known_creator_supplement,Known Spanish-language creator supplement verified through current upload samples and 2026 metrics.,https://www.youtube.com/shorts/m9RluCsTRSo|https://www.youtube.com/shorts/eHIfp3A48jY|https://www.youtube.com/shorts/edSDGddf6qg|https://www.youtube.com/shorts/WuwmPujECnI|https://www.youtube.com/shorts/OwVZRpLdaKA
78,alanxelmundo,@alanxelmundo,UCTJTpwrK4a-ajXs4-Wry09A,https://www.youtube.com/@alanxelmundo,UUTJTpwrK4a-ajXs4-Wry09A,MX,travel,travel|culture|lifestyle|vlogs|mexico|world_travel|storytelling|recommendations,true,Lifestyle-adjacent travel with personal narration and practical cultural context.,Canal de viajes y cultura con narración personal.,"Major Spanish travel creator documenting places, culture, and practical travel experiences.","entertaining, conversational",fast,medium,3,28,20,0,74918,711057,3840000,1082,low,high,known_creator_supplement,Known Spanish-language creator supplement verified through current upload samples and 2026 metrics.,https://www.youtube.com/shorts/yroQlBBzHg4|https://www.youtube.com/shorts/4WvQr1FlVuI|https://www.youtube.com/shorts/WDilRrguzSg|https://www.youtube.com/shorts/b_Y1CVsci98|https://www.youtube.com/shorts/8g7_LDAEaZY
79,El Robot de Platón,@elrobotdeplaton,UCaVPhFg-Ax873wvhbNitsrQ,https://www.youtube.com/@elrobotdeplaton,UUaVPhFg-Ax873wvhbNitsrQ,unknown,education,science|education|explainers|curiosities|space|technology|commentary|spanish,false,,Canal de ciencia y curiosidades con explicaciones accesibles.,Science and curiosity explainer channel with accessible Spanish narration.,"entertaining, conversational",medium,medium,3,26,26,0,58524,223177,3050000,1349,low,high,known_creator_supplement,Known Spanish-language creator supplement verified through current upload samples and 2026 metrics.,https://www.youtube.com/shorts/fJPYC8hhmsA|https://www.youtube.com/shorts/RJNuDkv0Hus|https://www.youtube.com/shorts/jH8PMfpf4UI|https://www.youtube.com/shorts/ckOXdQA_0cc|https://www.youtube.com/shorts/kMflLbVlDo4
80,Pantomima Full,@pantomimafull,UCPu5nstS7cbx_GUiH-kxwVw,https://www.youtube.com/@pantomimafull,UUPu5nstS7cbx_GUiH-kxwVw,ES,comedy,comedy|social_commentary|skits|spanish|culture|satire|everyday_life|relationships,true,Commentary-through-comedy about social types and everyday situations.,Canal de sketches y sátira social sobre situaciones cotidianas.,Spanish comedy duo known for sharp social satire and character sketches.,"entertaining, conversational",fast,medium,5,50,8,0,452709,1733504,522000,269,low,high,known_creator_supplement,Known Spanish-language creator supplement verified through current upload samples and 2026 metrics.,https://www.youtube.com/shorts/1GwFfJO-rHc|https://www.youtube.com/shorts/1wvXCjrWFpU|https://www.youtube.com/shorts/sdWUgTNI6gQ|https://www.youtube.com/shorts/pEUrjSxtdr0|https://www.youtube.com/shorts/hDB9smA7Gi0
81,Recetas de Esbieta,@recetasdeesbieta,UCucNB6GOncGkTMB55ZrjYvg,https://www.youtube.com/@recetasdeesbieta,UUucNB6GOncGkTMB55ZrjYvg,ES,food,food|cooking|baking|recipes|bread|desserts|making_from_scratch|kitchen|tutorials,true,From-scratch cooking and baking with clear instructional style.,Canal de cocina y panadería con recetas detalladas.,Cooking and baking channel focused on detailed from-scratch recipes.,"practical, clear",medium,medium,3,29,13,0,43736,292627,3480000,759,low,high,known_creator_supplement,Known Spanish-language creator supplement verified through current upload samples and 2026 metrics.,https://www.youtube.com/shorts/Ce33sgmNILc|https://www.youtube.com/shorts/3KdHNEOQhwU|https://www.youtube.com/shorts/bh1uZxNZr7Y|https://www.youtube.com/shorts/45fcyJEjx1U|https://www.youtube.com/shorts/mkUGesjgU8k
82,¡Que Viva La Cocina!,@quevivalacocina,UCaYE5mZeDgNZshFsFl-rTEA,https://www.youtube.com/@quevivalacocina,UUaYE5mZeDgNZshFsFl-rTEA,ES,food,food|cooking|recipes|home_cooking|desserts|making_from_scratch|kitchen|tutorials,true,Practical recipes and process-heavy cooking content.,Canal de recetas caseras y postres explicados de forma directa.,"Home recipe channel with practical dishes, desserts, and direct Spanish instruction.","practical, clear",medium,high,3,22,9,10,57999,1161401,4330000,466,low,high,known_creator_supplement,Known Spanish-language creator supplement verified through current upload samples and 2026 metrics.,https://www.youtube.com/shorts/R95CD53ETEU|https://www.youtube.com/shorts/vn4sxBwVQn0|https://www.youtube.com/shorts/yg1WDMi3OtU|https://www.youtube.com/shorts/aOHrsgqCoiQ|https://www.youtube.com/shorts/BOO8X1z5VyU
83,ElMariana,@elmariana,UC06rPIABrthG0hwLTVhINLA,https://www.youtube.com/@elmariana,UU06rPIABrthG0hwLTVhINLA,MX,gaming,gaming|streaming|comedy|lifestyle|mexico|internet_culture|spanish|twitch,false,,Canal de gaming y clips de stream con humor casual.,Mexican gaming and streaming creator with casual comedic Spanish.,"entertaining, conversational",fast,medium,3,22,22,0,78054,4565025,1350000,52,low,high,known_creator_supplement,Known Spanish-language creator supplement verified through current upload samples and 2026 metrics.,https://www.youtube.com/shorts/Rue8lvCxMzI|https://www.youtube.com/shorts/-Ncn9hsjQIM|https://www.youtube.com/shorts/aAARShZgKfs|https://www.youtube.com/shorts/tqNI9DE-Gtk|https://www.youtube.com/shorts/loH-aBAdJwY
84,Las Recetas de MJ,@lasrecetasdemj,UCmObdAaNbtVVR1OkKUsdgqg,https://www.youtube.com/@lasrecetasdemj,UUmObdAaNbtVVR1OkKUsdgqg,ES,food,food|cooking|recipes|spanish_cuisine|home_cooking|making_from_scratch|kitchen|tutorials,true,Recipe channel with lots of cooking/process vocabulary.,Canal de recetas y cocina casera en español.,Spanish recipe channel focused on approachable cooking and kitchen instruction.,"practical, clear",medium,high,5,41,41,15,60423,324327,1870000,1840,low,high,known_creator_supplement,Known Spanish-language creator supplement verified through current upload samples and 2026 metrics.,https://www.youtube.com/shorts/RN_dzBQ5T8c|https://www.youtube.com/shorts/tHl0kQwnwps|https://www.youtube.com/shorts/Zpo9u9DSrOU|https://www.youtube.com/shorts/Ik_EDnrhg_c|https://www.youtube.com/shorts/izMEELhrfA4
85,RosyMcMichael,@rosymcmichael,UCZq1cMuSl4V3mnJCW3uTZMQ,https://www.youtube.com/@rosymcmichael,UUZq1cMuSl4V3mnJCW3uTZMQ,US,beauty,beauty|makeup|lifestyle|reviews|tutorials|skincare|spanish|product_testing,true,Beauty/lifestyle match with spoken explanations and routines.,"Canal de maquillaje, belleza y reseñas de productos.","Beauty and makeup creator with product reviews, tutorials, and lifestyle content.","entertaining, conversational",fast,medium,4,32,32,0,26734,118206,5550000,2211,low,high,known_creator_supplement,Known Spanish-language creator supplement verified through current upload samples and 2026 metrics.,https://www.youtube.com/shorts/mW-kL0BhO7E|https://www.youtube.com/shorts/5exmuXdBeCE|https://www.youtube.com/shorts/vPPmec8H_7k|https://www.youtube.com/shorts/xYBlNgNPyG8|https://www.youtube.com/shorts/akGVArpsTRE
86,Mariale,@mariale,UCSyoRFkB5xkaa3ScUcBaETw,https://www.youtube.com/@mariale,UUSyoRFkB5xkaa3ScUcBaETw,US,lifestyle,lifestyle|beauty|fashion|storytime|vlogs|reviews|spanish|relationships,true,Strong lifestyle/beauty match with conversational Spanish.,"Canal de lifestyle, belleza y entretenimiento.","Large lifestyle and beauty creator with vlogs, reviews, and story-driven shorts.","entertaining, conversational",fast,medium,4,33,33,0,10897,29596,15200000,5765,low,high,known_creator_supplement,Known Spanish-language creator supplement verified through current upload samples and 2026 metrics.,https://www.youtube.com/shorts/dTjTuoUa8SA|https://www.youtube.com/shorts/_7AquUtRUzs|https://www.youtube.com/shorts/Lr_ajaUa_98|https://www.youtube.com/shorts/b8N1pWmzLx8|https://www.youtube.com/shorts/mn0o1H4_TNY
87,Cristinini,@cristinini,UCCuNpAi5cNF4x-hcW2qawhw,https://www.youtube.com/@cristinini,UUCuNpAi5cNF4x-hcW2qawhw,ES,lifestyle,lifestyle|gaming|streaming|commentary|internet_culture|humor|spanish|pop_culture,true,Internet-culture commentary and personality-driven lifestyle/gaming content.,"Canal de gaming, humor y cultura de internet.","Spanish streamer and creator mixing gaming, humor, and internet culture commentary.","entertaining, conversational",fast,medium,3,28,12,0,43090,794776,1310000,560,low,high,known_creator_supplement,Known Spanish-language creator supplement verified through current upload samples and 2026 metrics.,https://www.youtube.com/shorts/_-mCRdBtNRU|https://www.youtube.com/shorts/X1LfHFFIlpY|https://www.youtube.com/shorts/iuVcMs0wxTE|https://www.youtube.com/shorts/rfrni1fraOs|https://www.youtube.com/shorts/OQrHhw9L-Q4
88,De mi Rancho a Tu Cocina,@demiranchoatucocina,UCJjyyWFwUIOfKhb35WgCqVg,https://www.youtube.com/@demiranchoatucocina,UUJjyyWFwUIOfKhb35WgCqVg,MX,food,food|cooking|mexican_food|traditional_cooking|home_cooking|making_from_scratch|kitchen|culture,true,Excellent from-scratch cooking with cultural value.,Canal de cocina tradicional mexicana hecha desde cero.,Traditional Mexican cooking channel with from-scratch food preparation.,"practical, clear",medium,low,2,12,12,0,157769,606669,4560000,776,low,high,known_creator_supplement,Known Spanish-language creator supplement verified through current upload samples and 2026 metrics.,https://www.youtube.com/shorts/0EKxMNPYk58|https://www.youtube.com/shorts/IyUrN8tX-ak|https://www.youtube.com/shorts/sOMHToHLhUM|https://www.youtube.com/shorts/qiQ5rF8T9wA|https://www.youtube.com/shorts/sskQUGBQmwo
89,Juanpa Zurita,@juanpazurita,UCUo7T81zvCqpPhfsPb_kajA,https://www.youtube.com/@juanpazurita,UUUo7T81zvCqpPhfsPb_kajA,MX,lifestyle,lifestyle|travel|vlogs|comedy|mexico|storytelling|adventure|spanish,true,Lifestyle/adventure creator with broad appeal.,"Canal de lifestyle, viajes, retos y aventuras.","Mexican lifestyle and adventure creator with travel, comedy, and vlog-style content.","entertaining, conversational",fast,medium,3,30,16,0,31041,329156,11300000,402,low,high,known_creator_supplement,Known Spanish-language creator supplement verified through current upload samples and 2026 metrics.,https://www.youtube.com/shorts/olyYMksPw2I|https://www.youtube.com/shorts/EAbQhVaaWlQ|https://www.youtube.com/shorts/PPaufHksHjQ|https://www.youtube.com/shorts/xFsr0MGPlMs|https://www.youtube.com/shorts/5lKv0guzkC8
90,Craftingeek*,@craftingeek,UCXnBB3IuuXAH2kDr69-632A,https://www.youtube.com/@craftingeek,UUXnBB3IuuXAH2kDr69-632A,MX,making_from_scratch,making_from_scratch|diy|crafts|manualidades|paper_crafts|decor|tutorials|creative_projects,true,Direct fit for DIY and handmade projects.,Canal de manualidades y proyectos creativos paso a paso.,Large Spanish DIY and crafts channel focused on handmade projects.,"practical, clear",medium,low,5,45,3,0,78187,1423982,10500000,1197,low,medium,known_creator_supplement,Known Spanish-language creator supplement verified through current upload samples and 2026 metrics.,https://www.youtube.com/shorts/mpzzFqTyLhs|https://www.youtube.com/shorts/WWy4Rk7qtVw|https://www.youtube.com/shorts/avJX02d-YhM|https://www.youtube.com/shorts/vK0Lwhh2-T8|https://www.youtube.com/shorts/Gr0OTAFC-r8
91,Lethal Crysis,@lethalcrysis,UCJCen5xxTtU7cnVHe3n424A,https://www.youtube.com/@lethalcrysis,UUJCen5xxTtU7cnVHe3n424A,ES,travel,travel|documentary|culture|adventure|nature|education|storytelling|spanish,false,,Canal de viajes documentales y aventura con narración cuidada.,"Documentary travel creator focused on culture, nature, and adventurous reporting.","entertaining, conversational",fast,medium,4,31,19,0,27593,561951,5850000,725,low,high,known_creator_supplement,Known Spanish-language creator supplement verified through current upload samples and 2026 metrics.,https://www.youtube.com/shorts/sSkVrVRkzzU|https://www.youtube.com/shorts/gVgaJj65kUI|https://www.youtube.com/shorts/_NzNzDyLJXA|https://www.youtube.com/shorts/4r8enZaJomg|https://www.youtube.com/shorts/aZDdxft6v9E
92,kiwilimón,@kiwilimon,UC2_z4Qr89l510_kajfPE-iA,https://www.youtube.com/@kiwilimon,UU2_z4Qr89l510_kajfPE-iA,MX,food,food|cooking|recipes|mexican_food|home_cooking|desserts|making_from_scratch|kitchen,true,"Recipe-heavy channel, useful for cooking vocabulary.",Canal de recetas mexicanas y cocina práctica.,Mexican recipe brand with short cooking tutorials and practical food ideas.,"practical, clear",medium,medium,5,49,49,0,3470,14473,2390000,7273,low,high,known_creator_supplement,Known Spanish-language creator supplement verified through current upload samples and 2026 metrics.,https://www.youtube.com/shorts/o9lQJGXp6Ng|https://www.youtube.com/shorts/gZPZUvx3-KM|https://www.youtube.com/shorts/Ba0tygr8b2g|https://www.youtube.com/shorts/MmddCFsneSU|https://www.youtube.com/shorts/c_8kEpYhwlA
93,Cooking from Spain,@cookingfromspain,UCloEkzqDL2K2uIY5oXV3y1w,https://www.youtube.com/@cookingfromspain,UUloEkzqDL2K2uIY5oXV3y1w,unknown,food,food|cooking|spanish_cuisine|recipes|travel|culture|making_from_scratch|kitchen,true,"Spanish food culture and recipes, strong from-scratch fit.",Canal sobre gastronomía española y recetas.,"Spanish food creator sharing Spanish gastronomy, recipes, and cooking culture.","practical, clear",medium,medium,3,22,8,0,62760,1160868,74500,117,low,high,known_creator_supplement,Known Spanish-language creator supplement verified through current upload samples and 2026 metrics.,https://www.youtube.com/shorts/3yPxE9U5Dx0|https://www.youtube.com/shorts/Q4hVheA6g9U|https://www.youtube.com/shorts/1SJzFcy0VZc|https://www.youtube.com/shorts/w01Ujq5cXuw|https://www.youtube.com/shorts/eTYBa30YvSQ
94,Galletasafortunadas,@galletasafortunadas,UCIJ6_abn98Td20OrO-0V2_A,https://www.youtube.com/@galletasafortunadas,UUIJ6_abn98Td20OrO-0V2_A,ES,making_from_scratch,making_from_scratch|diy|crafts|manualidades|creative_projects|decor|tutorials|home,true,Craft/tutorial channel with handmade projects.,Canal de manualidades y proyectos creativos.,Spanish craft channel with frequent handmade and creative project Shorts.,"practical, clear",medium,medium,4,40,40,0,6259,50674,457000,916,low,high,known_creator_supplement,Known Spanish-language creator supplement verified through current upload samples and 2026 metrics.,https://www.youtube.com/shorts/RfKy4Rr0aV8|https://www.youtube.com/shorts/_kzqU0-Op-A|https://www.youtube.com/shorts/JY0tunmr1tg|https://www.youtube.com/shorts/d5iG3hMd_NE|https://www.youtube.com/shorts/V4KDmdDBg3U
95,PutoMikel,@putomikel,UCSvkCc8rbluGVsZV-KKHCFA,https://www.youtube.com/@putomikel,UUSvkCc8rbluGVsZV-KKHCFA,ES,education,history|education|commentary|culture|archaeology|spain|explainers|spanish,false,,"Canal de historia, arqueología y cultura con tono cercano.",History and archaeology creator with accessible Spanish cultural commentary.,"entertaining, conversational",medium,medium,5,41,5,0,51952,456223,315000,135,low,high,known_creator_supplement,Known Spanish-language creator supplement verified through current upload samples and 2026 metrics.,https://www.youtube.com/shorts/dnuOMr3rXJQ|https://www.youtube.com/shorts/ANV1eOmY2qY|https://www.youtube.com/shorts/6qMzNZEtgGQ|https://www.youtube.com/shorts/sjEx2F41HAQ|https://www.youtube.com/shorts/tF0gzZj-brI
96,Spreen,@spreen,UCgTOIiEgjm58xLjHvDjmgdA,https://www.youtube.com/@spreen,UUgTOIiEgjm58xLjHvDjmgdA,AR,gaming,gaming|streaming|argentina|humor|internet_culture|twitch|spanish|pop_culture,false,,Canal de gaming y clips de streaming con humor argentino.,Argentine gaming and streaming creator with fast casual Spanish.,"entertaining, conversational",fast,low,1,10,6,0,1225145,24917750,8310000,680,low,high,known_creator_supplement,Known Spanish-language creator supplement verified through current upload samples and 2026 metrics.,https://www.youtube.com/shorts/ze6i2GnzqB0|https://www.youtube.com/shorts/45b1_1p6I-8|https://www.youtube.com/shorts/sdtoaHiZ4lo|https://www.youtube.com/shorts/pCjmZ0xkdDw|https://www.youtube.com/shorts/yvFzHhLcFvo
97,rociodta,@rociodta,UCLZnW5uA7lMGogr1zI09c8A,https://www.youtube.com/@rociodta,UULZnW5uA7lMGogr1zI09c8A,MX,lifestyle,lifestyle|beauty|fashion|vlogs|storytime|home|spanish|personal,true,Lifestyle and personal-vlog match.,"Canal de lifestyle, belleza y vida diaria.","Lifestyle creator with personal vlogs, beauty, and everyday-life Shorts.","entertaining, conversational",fast,medium,3,25,8,0,6615,32837,284000,372,low,high,known_creator_supplement,Known Spanish-language creator supplement verified through current upload samples and 2026 metrics.,https://www.youtube.com/shorts/yam2Aw67HRc|https://www.youtube.com/shorts/vcjC4G1RVU0|https://www.youtube.com/shorts/WPKmXBmAZ2E|https://www.youtube.com/shorts/8bfoO_VdebU|https://www.youtube.com/shorts/iFtwfx3pjz4
98,laura sanchez,@laurasanchezmakeup,UCfbYeuNS77u8fXiQwZP9xjQ,https://www.youtube.com/@laurasanchezmakeup,UUfbYeuNS77u8fXiQwZP9xjQ,CO,beauty,beauty|makeup|tutorials|lifestyle|fashion|skincare|spanish|product_testing,true,Beauty/tutorial channel matching lifestyle interests.,"Canal de maquillaje, belleza y tutoriales.","Beauty creator focused on makeup looks, tutorials, and lifestyle.","entertaining, conversational",fast,medium,5,43,6,0,3587,55808,1560000,817,low,high,known_creator_supplement,Known Spanish-language creator supplement verified through current upload samples and 2026 metrics.,https://www.youtube.com/shorts/8jSB0_w-MZ8|https://www.youtube.com/shorts/7hBjisi8Um4|https://www.youtube.com/shorts/pDBLCfDQNLg|https://www.youtube.com/shorts/0LObcNhc0Iw|https://www.youtube.com/shorts/KaEnbVthVtw
99,Alex Tienda,@alextienda,UC2RFakE0-eLOWgIVGGGn6tg,https://www.youtube.com/@alextienda,UU2RFakE0-eLOWgIVGGGn6tg,MX,travel,travel|culture|documentary|lifestyle|mexico|storytelling|world_travel|spanish,true,Travel/lifestyle storytelling with strong cultural content.,Canal de viajes y documentales culturales.,Mexican travel creator with documentary-style cultural storytelling.,"entertaining, conversational",fast,low,2,18,1,0,38574,2642643,4160000,631,low,medium,known_creator_supplement,Known Spanish-language creator supplement verified through current upload samples and 2026 metrics.,https://www.youtube.com/shorts/Y_nDnlXtq0Q|https://www.youtube.com/shorts/XE1dR73ROrI|https://www.youtube.com/shorts/5t8yAil0Wls|https://www.youtube.com/shorts/hjIZEnCZJXQ|https://www.youtube.com/shorts/P7sJKh71Pb8
100,Ramilla de Aventura,@ramilladeaventura,UCyPaCXX5RPYa0Q-eE_gGDug,https://www.youtube.com/@ramilladeaventura,UUyPaCXX5RPYa0Q-eE_gGDug,ES,travel,travel|adventure|culture|lifestyle|nature|storytelling|spanish|vlogs,true,Travel/adventure content with lifestyle appeal.,"Canal de viajes, aventura y experiencias culturales.","Travel and adventure creator documenting places, culture, and outdoor experiences.","entertaining, conversational",fast,low,1,7,5,0,26436,43797,723000,351,low,high,known_creator_supplement,Known Spanish-language creator supplement verified through current upload samples and 2026 metrics.,https://www.youtube.com/shorts/i0Ma9ZDeBy8|https://www.youtube.com/shorts/vSIuo8ZjMqM|https://www.youtube.com/shorts/fxyTBGFBnBo|https://www.youtube.com/shorts/bV-4jPyfdZ8|https://www.youtube.com/shorts/pm0dQ1zwqvI
